"MH 25 CD 2350","06-03-2020","21-03-2020","Archie"
"JK 26 EF 2351","07-03-2020","22-03-2020","Ces"
"HP 27 GH 2352","08-03-2020","23-03-2020","Isaac"
"MP 28 IJ 2353","09-03-2020","24-03-2020","Alexander"
"AP 29 KL 2354","10-03-2020","25-03-2020","Eurao"
"TS 30 MO 2355","01-02-2020","16-02-2020","Edward"
"UP 31 PQ 2356","02-02-2020","17-02-2020","Samuel"
"CG 32 AJ 1456","03-02-2020","18-02-2020","Max"
"MH 33 KL 1457","04-02-2020","19-02-2020","Daniel"
"JK 34 MO 1458","05-02-2020","20-02-2020","himyar"
"HP 35 MN 1459","","",""
"MP 36 AB 1460","07-02-2020","22-02-2020","Mohammed"
"AP 37 CD 1461","08-02-2020","23-02-2020","Logan"
"TS 38 EF 1462","09-02-2020","24-02-2020","Theo"
"UP 39 GH 1463","10-02-2020","25-02-2020","Harrison"
"CG 40 IJ 1464","01-04-2020","16-04-2020","Benjamin"
"MH 41 KL 1465","","",""
"JK 42 MO 1466","03-04-2020","18-04-2020","Sebastian"
"HP 43 PQ 1467","04-04-2020","19-04-2020","Finley"
"MP 44 AJ 1468","05-04-2020","20-04-2020","Hastie"
"AP 45 KL 1469","06-04-2020","21-04-2020","Dylan"
"TS 46 MO 7890","07-04-2020","22-04-2020","Zachary"
"UP 47 MN 7891","08-04-2020","23-04-2020","Riley"
"CG 48 AB 7892","01-06-2020","16-06-2020","Teddy"
"MH 49 CD 7893","02-06-2020","17-06-2020","Theodore"
"JK 50 EF 7894","03-06-2020","18-06-2020","David"
"HP 51 GH 7895","04-06-2020","19-06-2020","Toby"
"MP 52 IJ 7896","05-06-2020","20-06-2020","Jake"
"AP 53 KL 7897","06-06-2020","21-06-2020","Louie"
"TS 54 MO 7898","07-06-2020","22-06-2020","Elijah"
"UP 55 PQ 9876","","",""
"CG 56 AJ 9877","09-06-2020","24-06-2020","Arlo"
"MH 57 KL 9878","10-06-2020","25-06-2020","Occa"
"JK 58 MO 9879","11-06-2020","26-06-2020","Luca"
"HP 59 MN 9880","12-06-2020","27-06-2020","Jaxon"
"MH 01 AK 6667","01-01-2020","16-01-2020","Clement"
"MH 01 AK 6668","01-02-2020","16-02-2020","Harper"
"MH 01 AK 6669","01-03-2020","16-03-2020","Ben"
"MH 01 AK 6670","01-04-2020","16-04-2020","Aari"
"MH 01 AK 6671","01-05-2020","16-05-2020","Addi"
"RJ 09 WS 1298","01-06-2020","16-06-2020","Finn"
"RJ 09 WS 1299","01-07-2020","16-07-2020","Elias"
"RJ 09 WS 1300","01-08-2020","16-08-2020","Jonas"
"RJ 09 WS 1301","01-09-2020","16-09-2020","Luis"
"RJ 09 WS 1302","01-10-2020","16-10-2020","Aimo"
"RJ 09 WS 1303","01-11-2020","16-11-2020","brak"
"GJ 88 MM 1234","01-12-2020","16-12-2020","Lukas"
"GJ 88 MM 1235","","",""
"GJ 88 MM 1236","02-01-2020","17-01-2020","Kurt"
"GJ 88 MM 1237","03-01-2020","18-01-2020","Manfred"
"GJ 88 MM 1238","04-01-2020","19-01-2020","Cuma"
"GJ 88 MM 1239","01-08-2020","16-08-2020","Otto"
"GJ 88 MM 1240","02-08-2020","17-08-2020","Gah"
"MH 16 AJ 6678","03-08-2020","18-08-2020","Gelar"
"MH 12 SK 4559","04-08-2020","19-08-2020","Wolfgang"
"MH 13 SK 3456","05-08-2020","20-08-2020","Anton"
"MH 12 SR 9807","06-08-2020","21-08-2020","Jack"
"MP 12 AB 5678","07-08-2020","22-08-2020","Jacob"
"AP 13 CD 5679","08-08-2020","23-08-2020","Gie"
"TS 14 EF 5680","09-08-2020","24-08-2020","Charlie"
"UP 15 GH 5681","10-08-2020","25-08-2020","Muhammad"
"CG 16 IJ 5682","","",""
"MH 17 KL 5683","12-08-2020","27-08-2020","Harwell"
"JK 18 MO 5684","13-08-2020","28-08-2020","William"
"HP 19 PQ 5685","14-08-2020","29-08-2020","James"
"MP 20 AJ 2345","01-03-2020","16-03-2020","Henry"
"AP 21 KL 2346","02-03-2020","17-03-2020","Jimi"
"TS 22 MO 2347","03-03-2020","18-03-2020","Alfie"
"UP 23 MN 2348","04-03-2020","19-03-2020","Joshua"
"CG 24 AB 2349","05-03-2020","20-03-2020","Freddie"
"MP 60 AB 9881","01-07-2020","16-07-2020","Matthew"
"AP 61 CD 9882","02-07-2020","17-07-2020","Harvey"
"TS 62 EF 9883","03-07-2020","18-07-2020","Reggie"
"UP 63 GH 9884","","",""
"CG 64 IJ 9885","05-07-2020","20-07-2020","Harley"
"MH 65 KL 9886","06-07-2020","21-07-2020","Jude"
"JK 66 MO 9887","07-07-2020","22-07-2020","Albert"
"HP 67 PQ 9888","08-07-2020","23-07-2020","Tommy"
"MP 68 AJ 9889","09-07-2020","24-07-2020","Luke"
"AP 69 KL 9890","","",""
"TS 70 MO 9891","01-05-2020","16-05-2020","Jenson"
"UP 71 MN 5792","02-05-2020","17-05-2020","Frankie"
"CG 72 AB 5793","03-05-2020","18-05-2020","Jayden"
"MH 73 CD 5794","04-05-2020","19-05-2020","Gabriel"
"JK 74 EF 5795","05-05-2020","20-05-2020","Elliot"
"HP 75 GH 5796","06-05-2020","21-05-2020","Mohammad"
"MP 76 IJ 5797","","",""
"AP 77 KL 5798","08-05-2020","23-05-2020","Charles"
"TS 78 MO 1569","09-05-2020","24-05-2020","Mitch"
"UP 79 PQ 1570","10-05-2020","25-05-2020","Elliott"
"CG 80 AJ 1571","11-05-2020","26-05-2020","Frederick"
"MH 81 KL 1572","12-05-2020","27-05-2020","Nathan"
"JK 82 MO 1573","","",""
"HP 12 MN 1574","14-05-2020","29-05-2020","Blake"
"MP 13 AB 1575","15-05-2020","30-05-2020","Rory"
"AP 14 CD 1576","16-05-2020","31-05-2020","Ollie"
"TS 15 EF 1577","17-05-2020","01-06-2020","Ryan"
"UP 16 GH 1578","01-07-2020","16-07-2020","Tyler"
"CG 17 IJ 1579","02-07-2020","17-07-2020","Jackson"
"MH 18 KL 1580","03-07-2020","18-07-2020","Dexter"
"JK 19 MO 1581","","",""
"HP 20 PQ 8734","05-07-2020","20-07-2020","Austin"
"MP 21 AJ 8735","06-07-2020","21-07-2020","Kai"
"AP 22 KL 8736","07-07-2020","22-07-2020","Albie"
"TS 23 MO 8737","08-07-2020","23-07-2020","Caleb"
"UP 24 MN 8738","09-07-2020","24-07-2020","Carter"
"CG 25 AB 8739","","",""
"MH 26 CD 8740","11-07-2020","26-07-2020","Ezra"
"JK 27 EF 8741","12-07-2020","27-07-2020","Ellis"
"HP 28 GH 8742","13-07-2020","28-07-2020","Miao"
"MP 29 IJ 8743","14-07-2020","29-07-2020","Roman"
"AP 30 KL 8744","15-07-2020","30-07-2020","Ibrahim"
"TS 31 MO 8745","","",""
"UP 32 PQ 8746","17-07-2020","01-08-2020","Liam"
"CG 33 AJ 8747","18-07-2020","02-08-2020","Jesse"
"MH 34 KL 9823","19-07-2020","03-08-2020","Jasper"
"JK 35 MO 9824","20-07-2020","04-08-2020","Felix"
"HP 36 MN 9825","21-07-2020","05-08-2020","Jamie"
"MP 37 AB 9826","","",""
"AP 38 CD 9827","23-07-2020","07-08-2020","Adam"
"TS 39 EF 9828","24-07-2020","08-08-2020","Raphael"
"UP 40 GH 9829","25-07-2020","09-08-2020","Paul"
"CG 41 IJ 9830","26-07-2020","10-08-2020","Louis"
"MH 42 KL 9831","27-07-2020","11-08-2020","Arthur"
"JK 43 MO 9832","28-07-2020","12-08-2020","Alexandre"
"HP 44 PQ 9833","","",""
"MP 45 AJ 9834","30-07-2020","14-08-2020","Jules"
"AP 46 KL 9835","31-07-2020","15-08-2020","Mohamed"
"TS 47 MO 9836","01-08-2020","16-08-2020","Lucas"
"UP 48 MN 9837","02-08-2020","17-08-2020","Joseph"
"CG 49 AB 9838","03-08-2020","18-08-2020","Antoine"
"MH 50 CD 9839","04-08-2020","19-08-2020","Gaspard"
"JK 51 EF 9840","05-08-2020","20-08-2020","Maxime"
"HP 52 GH 9841","06-08-2020","21-08-2020","Augustin"
"MP 53 IJ 9842","07-08-2020","22-08-2020","Oscar"
"AP 54 KL 9843","08-08-2020","23-08-2020","Ethan"
"TS 55 MO 9844","","",""
"UP 56 PQ 9845","10-08-2020","25-08-2020","Leon"
"CG 57 AJ 9846","11-08-2020","26-08-2020","Martin"
"MH 58 KL 9847","12-08-2020","27-08-2020","Hugo"
"JK 59 MO 9848","13-08-2020","28-08-2020","Thomas"
"HP 60 MN 9849","14-08-2020","29-08-2020","Sacha"
"MP 61 IY 9850","","",""
"AP 62 JQ 9851","16-08-2020","31-08-2020","Noah"
